{
   "data": [
      {
         "id": "100038949079067_247579619883672",
         "message": "Project iseng lightweight starter pack\n\nhttps://www.w3schools.com/jsref/event_oninput.asp\n\nhttps://www.w3schools.com/jsref/jsref_replace.asp\n\nhttps://www.w3schools.com/jsref/jsref_split.asp\n\nhttps://github.com/MrRio/jsPDF\n\nhttps://www.w3schools.com/jsref/jsref_push.asp",
         "picture": "https://external.fcgk18-1.fna.fbcdn.net/safe_image.php?d=AQCuFvJuICWfvJ4N&w=68&h=68&url=https\u00253A\u00252F\u00252Fwww.w3schools.com\u00252Fimages\u00252Fcolorpicker.gif&cfs=1&_nc_hash=AQD5vO4x_ozWSnt4",
         "link": "https://www.w3schools.com/jsref/event_oninput.asp",
         "name": "oninput Event",
         "caption": "w3schools.com",
         "description": "Well organized and easy to understand Web building tutorials with lots of examples of how to use HTML, CSS, JavaScript, SQL, PHP, Python, Bootstrap, Java and XML.",
         "icon": "https://www.facebook.com/images/icons/post.gif",
         "actions": [
            {
               "name": "Comment",
               "link": "https://www.facebook.com/100038949079067/posts/247579619883672"
            },
            {
               "name": "Like",
               "link": "https://www.facebook.com/100038949079067/posts/247579619883672"
            }
         ],
         "privacy": {
            "value": "EVERYONE",
            "description": "Publik",
            "friends": "",
            "allow": "",
            "deny": ""
         },
         "type": "link",
         "status_type": "shared_story",
         "created_time": "2020-06-09T01:37:05+0000",
         "updated_time": "2020-06-09T01:37:05+0000",
         "is_hidden": false,
         "is_expired": false
      }
   ],
   "paging": {
      "cursors": {
         "after": "MTU5MTY2NjY2NzoxNTkxNjY2NjY3OjI6LTQyMTE3OTQ2NTM3NDA2NDIyOTA6MDo2ODM2MTU2ODU3NzM3NTQwNzM1",
         "before": "MTU5MTY2NjY2NzoxNTkxNjY2NjY3OjI6LTQyMTE3OTQ2NTM3NDA2NDIyOTA6MDo2ODM2MTU2ODU3NzM3NTQwNzM1"
      },
      "previous": "https://graph.facebook.com/v1.0/100016865703374/home?limit=1&access_token=EAAAAZAw4FxQIBAHZA7L1NVUhBTIsdLYOGS7ysZBKjSWfq1Usvc77qPyxQZCISZAEXxRNf0rZCyFFRihmsrtS8YxhC6k5ZC3x92F18MIgjjJE9ZCvPXJls7B2dr1qTIFZC0ueATW3ZCAD0UZBR2mSQBffAE3Ow0XACJ4c1uLju9eOMMLZCwZDZD&before=MTU5MTY2NjY2NzoxNTkxNjY2NjY3OjI6LTQyMTE3OTQ2NTM3NDA2NDIyOTA6MDo2ODM2MTU2ODU3NzM3NTQwNzM1",
      "next": "https://graph.facebook.com/v1.0/100016865703374/home?limit=1&after=MTU5MTY2NjY2NzoxNTkxNjY2NjY3OjI6LTQyMTE3OTQ2NTM3NDA2NDIyOTA6MDo2ODM2MTU2ODU3NzM3NTQwNzM1&access_token=EAAAAZAw4FxQIBAHZA7L1NVUhBTIsdLYOGS7ysZBKjSWfq1Usvc77qPyxQZCISZAEXxRNf0rZCyFFRihmsrtS8YxhC6k5ZC3x92F18MIgjjJE9ZCvPXJls7B2dr1qTIFZC0ueATW3ZCAD0UZBR2mSQBffAE3Ow0XACJ4c1uLju9eOMMLZCwZDZD"
   }
}